{
  "10cv metrics": {
    "MLP": {
      "train_accuracy": 0.8943516062429392,
      "train_accuracy_std": 0.005519789987556111,
      "val_accuracy": 0.8481529258877041,
      "val_accuracy_std": 0.022968640698894177,
      "train_precision": 0.8284920039513345,
      "train_precision_std": 0.07134336918982223,
      "val_precision": 0.5869814332434491,
      "val_precision_std": 0.06890589204427235,
      "train_sensitivity": 0.5480225988700564,
      "train_sensitivity_std": 0.0702829299392741,
      "val_sensitivity": 0.6542372881355931,
      "val_sensitivity_std": 0.09712914428402987,
      "train_specificity": 0.9716355823540008,
      "train_specificity_std": 0.020305293103245,
      "val_specificity": 0.8913950829045169,
      "val_specificity_std": 0.042409231192154555,
      "train_npv": 0.9063517846413707,
      "train_npv_std": 0.011974208433099669,
      "val_npv": 0.9213494428356054,
      "val_npv_std": 0.01781228292398129,
      "train_auc": 0.9008307629304882,
      "train_auc_std": 0.0038272728122248053,
      "val_auc": 0.8554998013392641,
      "val_auc_std": 0.020664715545857946,
      "train_aps": 0.7636390251419545,
      "train_aps_std": 0.005477503172996485,
      "val_aps": 0.6471019000593075,
      "val_aps_std": 0.03462932073289059,
      "train_f1": 0.6524281890377581,
      "train_f1_std": 0.024785233485895876,
      "val_f1": 0.6104411108325992,
      "val_f1_std": 0.042132594317177245
    },
    "Transformer": {
      "train_accuracy": 0.8976499850667159,
      "train_accuracy_std": 0.0019990605836007376,
      "val_accuracy": 0.8200349730535489,
      "val_accuracy_std": 0.04395215956787633,
      "train_precision": 0.8372712130639556,
      "train_precision_std": 0.02595005883306784,
      "val_precision": 0.5333217365867479,
      "val_precision_std": 0.09770231222488257,
      "train_sensitivity": 0.5468926553672316,
      "train_sensitivity_std": 0.0292502874807592,
      "val_sensitivity": 0.6796610169491526,
      "val_sensitivity_std": 0.11556538260156464,
      "train_specificity": 0.9759202192856966,
      "train_specificity_std": 0.00562582718545506,
      "val_specificity": 0.8513550600343052,
      "val_specificity_std": 0.07437763501249188,
      "train_npv": 0.9061761411739548,
      "train_npv_std": 0.0049786023804225645,
      "val_npv": 0.92446533621642,
      "val_npv_std": 0.02053899771860456,
      "train_auc": 0.8962620958524642,
      "train_auc_std": 0.003227747556678448,
      "val_auc": 0.8508746644571715,
      "val_auc_std": 0.018021291406971816,
      "train_aps": 0.7589062037177137,
      "train_aps_std": 0.004391347945400021,
      "val_aps": 0.6409664013093698,
      "val_aps_std": 0.032396882707781155,
      "train_f1": 0.6605235915067615,
      "train_f1_std": 0.015537102721735696,
      "val_f1": 0.5822693898570515,
      "val_f1_std": 0.04750149254121531
    },
    "SVM": {
      "train_accuracy": 0.9067544720169141,
      "train_accuracy_std": 0.0016715944426704881,
      "val_accuracy": 0.8525035355272713,
      "val_accuracy_std": 0.009283998272131744,
      "train_precision": 0.8900473383605586,
      "train_precision_std": 0.004229990990306261,
      "val_precision": 0.705528158433754,
      "val_precision_std": 0.05594818389328637,
      "train_sensitivity": 0.5578154425612054,
      "train_sensitivity_std": 0.009993596355119842,
      "val_sensitivity": 0.3338983050847458,
      "val_sensitivity_std": 0.05087569837221571,
      "train_specificity": 0.9846193054775505,
      "train_specificity_std": 0.0007318001131935332,
      "val_specificity": 0.9682332761578045,
      "val_specificity_std": 0.00972780800427713,
      "train_npv": 0.9089186890073033,
      "train_npv_std": 0.0018564666972590844,
      "val_npv": 0.8670226729845899,
      "val_npv_std": 0.008652602693840116,
      "train_auc": 0.913390332565226,
      "train_auc_std": 0.0026389387977984744,
      "val_auc": 0.7916558856877053,
      "val_auc_std": 0.0217980045909543,
      "train_aps": 0.8109161700894495,
      "train_aps_std": 0.004909479626450438,
      "val_aps": 0.5726270714998865,
      "val_aps_std": 0.02041620237744785,
      "train_f1": 0.6857568860258435,
      "train_f1_std": 0.007596552194790636,
      "val_f1": 0.45059348792161646,
      "val_f1_std": 0.0451766375350803
    },
    "NB": {
      "train_accuracy": 0.8017243870565611,
      "train_accuracy_std": 0.008665153661126232,
      "val_accuracy": 0.8021165386232466,
      "val_accuracy_std": 0.020085468191376486,
      "train_precision": 0.47104994290635743,
      "train_precision_std": 0.01788763724676214,
      "val_precision": 0.4699729889204873,
      "val_precision_std": 0.048885281149153144,
      "train_sensitivity": 0.6702448210922787,
      "train_sensitivity_std": 0.037734868880218174,
      "val_sensitivity": 0.5271186440677965,
      "val_sensitivity_std": 0.07248611789946813,
      "train_specificity": 0.8310631718008766,
      "train_specificity_std": 0.01867135691718583,
      "val_specificity": 0.8634934248141797,
      "val_specificity_std": 0.03369228863957407,
      "train_npv": 0.9188504944988471,
      "train_npv_std": 0.006542597496643217,
      "val_npv": 0.8915222494522587,
      "val_npv_std": 0.012100194445304755,
      "train_auc": 0.8417305393812757,
      "train_auc_std": 0.0019160764241430443,
      "val_auc": 0.8142592619511391,
      "val_auc_std": 0.02232473685684123,
      "train_aps": 0.5553495651701974,
      "train_aps_std": 0.0029808973408050527,
      "val_aps": 0.5286324057222375,
      "val_aps_std": 0.04338917430494483,
      "train_f1": 0.5520749743166469,
      "train_f1_std": 0.005718476104931157,
      "val_f1": 0.49158028042512997,
      "val_f1_std": 0.035258522984262367
    },
    "XGB": {
      "train_accuracy": 0.9641653710714543,
      "train_accuracy_std": 0.002784178149946259,
      "val_accuracy": 0.6692218017811412,
      "val_accuracy_std": 0.14534191192222565,
      "train_precision": 0.9153621287500677,
      "train_precision_std": 0.01090291265156619,
      "val_precision": 0.3563871971731986,
      "val_precision_std": 0.07209649588609987,
      "train_sensitivity": 0.885687382297552,
      "train_sensitivity_std": 0.01659068511430283,
      "val_sensitivity": 0.7915254237288136,
      "val_sensitivity_std": 0.0669652415767404,
      "train_specificity": 0.9816776521453473,
      "train_specificity_std": 0.0026788067315549513,
      "val_specificity": 0.6419611206403659,
      "val_specificity_std": 0.18878362728515125,
      "train_npv": 0.9746906089160665,
      "train_npv_std": 0.0035456665682986025,
      "val_npv": 0.9269866752499704,
      "val_npv_std": 0.027214236002231818,
      "train_auc": 0.9931783299926412,
      "train_auc_std": 0.0008729655343643209,
      "val_auc": 0.7643998265352598,
      "val_auc_std": 0.030200340106644033,
      "train_aps": 0.9723640578787472,
      "train_aps_std": 0.0033985512060565534,
      "val_aps": 0.49027000186554553,
      "val_aps_std": 0.028411163874218166,
      "train_f1": 0.9001321219688234,
      "train_f1_std": 0.008260795924903006,
      "val_f1": 0.48357415725111197,
      "val_f1_std": 0.06910355838317439
    },
    "LogReg": {
      "train_accuracy": 0.875523898566995,
      "train_accuracy_std": 0.002343134576904479,
      "val_accuracy": 0.8484873676566144,
      "val_accuracy_std": 0.005283002143598546,
      "train_precision": 0.7624970438972014,
      "train_precision_std": 0.009532373971213832,
      "val_precision": 0.7691343353442897,
      "val_precision_std": 0.07543783357546507,
      "train_sensitivity": 0.46139359698681737,
      "train_sensitivity_std": 0.008251940602714366,
      "val_sensitivity": 0.24745762711864408,
      "val_sensitivity_std": 0.027539113236054107,
      "train_specificity": 0.9679358250235779,
      "train_specificity_std": 0.0012176893267047309,
      "val_specificity": 0.9826043453401944,
      "val_specificity_std": 0.007013225977549907,
      "train_npv": 0.8895466868688159,