{
  "10cv metrics": {
    "MLP": {
      "train_accuracy": 0.8944892167521937,
      "train_accuracy_std": 0.0032024138674232915,
      "val_accuracy": 0.838279249321561,
      "val_accuracy_std": 0.02555403332772772,
      "train_precision": 0.8248672571317097,
      "train_precision_std": 0.05577689843655447,
      "val_precision": 0.5793194675815794,
      "val_precision_std": 0.07842642351312988,
      "train_sensitivity": 0.5459510357815442,
      "train_sensitivity_std": 0.05955593143995152,
      "val_sensitivity": 0.5949152542372882,
      "val_sensitivity_std": 0.1369529282916323,
      "train_specificity": 0.9722653399316851,
      "train_specificity_std": 0.014729891761003972,
      "val_specificity": 0.8925714694110919,
      "val_specificity_std": 0.058143563658910956,
      "train_npv": 0.9058840907969259,
      "train_npv_std": 0.010145884792160708,
      "val_npv": 0.910127818188608,
      "val_npv_std": 0.02412687934307082,
      "train_auc": 0.9013294555407153,
      "train_auc_std": 0.0024546352962556716,
      "val_auc": 0.8549612611564962,
      "val_auc_std": 0.0168677404623994,
      "train_aps": 0.7632154295994173,
      "train_aps_std": 0.004160939980531439,
      "val_aps": 0.6458185258728767,
      "val_aps_std": 0.027517582975670838,
      "train_f1": 0.652146956108482,
      "train_f1_std": 0.023991057939665206,
      "val_f1": 0.5689363285987052,
      "val_f1_std": 0.03755849634505312
    },
    "Transformer": {
      "train_accuracy": 0.8955883654959681,
      "train_accuracy_std": 0.0029232956455470653,
      "val_accuracy": 0.7952862821541872,
      "val_accuracy_std": 0.039599726806532426,
      "train_precision": 0.8342874926668913,
      "train_precision_std": 0.04160339450273281,
      "val_precision": 0.48127337284390376,
      "val_precision_std": 0.08938122298845502,
      "train_sensitivity": 0.5376647834274952,
      "train_sensitivity_std": 0.02783437688719361,
      "val_sensitivity": 0.7203389830508475,
      "val_sensitivity_std": 0.08449114291942046,
      "train_specificity": 0.9754571513346827,
      "train_specificity_std": 0.008642527462840464,
      "val_specificity": 0.81199542595769,
      "val_specificity_std": 0.06447549322175482,
      "train_npv": 0.9044113699404939,
      "train_npv_std": 0.004514150081198307,
      "val_npv": 0.9297864020157094,
      "val_npv_std": 0.014592786066489229,
      "train_auc": 0.8967502786149714,
      "train_auc_std": 0.0027671348944672304,
      "val_auc": 0.8451672747623338,
      "val_auc_std": 0.01824301736259413,
      "train_aps": 0.7588284912470884,
      "train_aps_std": 0.005870614160711339,
      "val_aps": 0.6437495245600432,
      "val_aps_std": 0.02730713836372926,
      "train_f1": 0.6523659186929625,
      "train_f1_std": 0.010064162112674248,
      "val_f1": 0.5653869624016401,
      "val_f1_std": 0.03155004754180638
    }
  }
}