{
  "10cv metrics": {
    "Transformer": {
      "train_accuracy": 0.8725879484500174,
      "train_accuracy_std": 0.005332226048975183,
      "val_accuracy": 0.7924764890282131,
      "val_accuracy_std": 0.056440262996498555,
      "train_precision": 0.8083371321302935,
      "train_precision_std": 0.045305676758170974,
      "val_precision": 0.4970345705522884,
      "val_precision_std": 0.1300386544094369,
      "train_sensitivity": 0.41312404505560896,
      "train_sensitivity_std": 0.060389191988386416,
      "val_sensitivity": 0.6638515488018703,
      "val_sensitivity_std": 0.0981255583873901,
      "train_specificity": 0.9766330408876328,
      "train_specificity_std": 0.009794937536130994,
      "val_specificity": 0.8216268788682581,
      "val_specificity_std": 0.08456462366285522,
      "train_npv": 0.8804193030463638,
      "train_npv_std": 0.009829155218845413,
      "val_npv": 0.9163168440554141,
      "val_npv_std": 0.01581194671651737,
      "train_auc": 0.862181385735169,
      "train_auc_std": 0.0040924353632278915,
      "val_auc": 0.819288940702512,
      "val_auc_std": 0.037744842381812076,
      "train_aps": 0.6836134641947483,
      "train_aps_std": 0.010036515127029596,
      "val_aps": 0.5632523000266026,
      "val_aps_std": 0.07555883775824328,
      "train_f1": 0.5420321897984375,
      "train_f1_std": 0.04643636418580713,
      "val_f1": 0.547558702504069,
      "val_f1_std": 0.052533544501896616
    },
    "MLP": {
      "train_accuracy": 0.8830372692441658,
      "train_accuracy_std": 0.002190760737515359,
      "val_accuracy": 0.7680250783699061,
      "val_accuracy_std": 0.03880062306398947,
      "train_precision": 0.8520958536356348,
      "train_precision_std": 0.02856572594623794,
      "val_precision": 0.4317429692079641,
      "val_precision_std": 0.07375780026846403,
      "train_sensitivity": 0.4455854031197811,
      "train_sensitivity_std": 0.030375420227599544,
      "val_sensitivity": 0.6551724137931034,
      "val_sensitivity_std": 0.11106431916683325,
      "train_specificity": 0.9821012278338207,
      "train_specificity_std": 0.0051588951762507025,
      "val_specificity": 0.7935396404361922,
      "val_specificity_std": 0.06575035045119507,
      "train_npv": 0.8867050559095105,
      "train_npv_std": 0.0050425594187890775,
      "val_npv": 0.912195223175335,
      "val_npv_std": 0.02182882530820205,
      "train_auc": 0.899168075150517,
      "train_auc_std": 0.003403210142119132,
      "val_auc": 0.8115255391381473,
      "val_auc_std": 0.03621641521615988,
      "train_aps": 0.7395107807013521,
      "train_aps_std": 0.005687074359016117,
      "val_aps": 0.5168015685426681,
      "val_aps_std": 0.0582309451811927,
      "train_f1": 0.5838452598182984,
      "train_f1_std": 0.02038710153680366,
      "val_f1": 0.5109535693576704,
      "val_f1_std": 0.04161490851684558
    },
    "SVM": {
      "train_accuracy": 0.8824451410658309,
      "train_accuracy_std": 0.0020971080771146353,
      "val_accuracy": 0.812539184952978,
      "val_accuracy_std": 0.025420858849797234,
      "train_precision": 0.8081967854338339,
      "train_precision_std": 0.02936802883089216,
      "val_precision": 0.5033584556218994,
      "val_precision_std": 0.0694128793924067,
      "train_sensitivity": 0.4789595991898518,
      "train_sensitivity_std": 0.02945752771809509,
      "val_sensitivity": 0.47364114552893044,
      "val_sensitivity_std": 0.04894092606813632,
      "train_specificity": 0.9738133130337318,
      "train_specificity_std": 0.006473657596780557,
      "val_specificity": 0.8892690834070145,
      "val_specificity_std": 0.036491199911287915,
      "train_npv": 0.8919877917817869,
      "train_npv_std": 0.004846621180200646,
      "val_npv": 0.8819529865069805,
      "val_npv_std": 0.007839590196371808,
      "train_auc": 0.8329008226976586,
      "train_auc_std": 0.025890124623122207,
      "val_auc": 0.7781663226779513,
      "val_auc_std": 0.044277251630858994,
      "train_aps": 0.681467750782826,
      "train_aps_std": 0.020809334311959367,
      "val_aps": 0.5091555373760415,
      "val_aps_std": 0.06508767190050714,
      "train_f1": 0.600200309312526,
      "train_f1_std": 0.016583848718400174,
      "val_f1": 0.48369152247263597,
      "val_f1_std": 0.03645791599698225
    },
    "NB": {
      "train_accuracy": 0.6926854754440962,
      "train_accuracy_std": 0.021971227592085505,
      "val_accuracy": 0.7351097178683386,
      "val_accuracy_std": 0.032945202176329194,
      "train_precision": 0.3580099959071596,
      "train_precision_std": 0.014010478597801823,
      "val_precision": 0.3662521477334312,
      "val_precision_std": 0.048048091282286064,
      "train_sensitivity": 0.8296556870269693,
      "train_sensitivity_std": 0.023635280875503525,
      "val_sensitivity": 0.5789596727060198,
      "val_sensitivity_std": 0.09898827959455532,
      "train_specificity": 0.6616689485463513,
      "train_specificity_std": 0.03192659153120921,
      "val_specificity": 0.7704686118479221,
      "val_specificity_std": 0.04257472086991172,
      "train_npv": 0.9451634922234089,
      "train_npv_std": 0.005151057011181978,
      "val_npv": 0.8906229273831732,
      "val_npv_std": 0.02320026921036342,
      "train_auc": 0.7863047740902749,
      "train_auc_std": 0.004427259395445924,
      "val_auc": 0.7309536096680638,
      "val_auc_std": 0.04674530549482166,
      "train_aps": 0.40857875125608134,
      "train_aps_std": 0.005825162941411437,
      "val_aps": 0.36468582390584203,
      "val_aps_std": 0.07084202532838921,
      "train_f1": 0.4997267232066537,
      "train_f1_std": 0.0107060416164637,
      "val_f1": 0.4459125771582113,
      "val_f1_std": 0.05354309690959553
    },
    "XGB": {
      "train_accuracy": 0.9179031696273074,
      "train_accuracy_std": 0.0024284525271408286,
      "val_accuracy": 0.744514106583072,
      "val_accuracy_std": 0.058499867105083134,
      "train_precision": 0.8792210363017464,
      "train_precision_std": 0.008856515928395875,
      "val_precision": 0.40538594355473434,
      "val_precision_std": 0.07321764329883713,
      "train_sensitivity": 0.6438435845503323,
      "train_sensitivity_std": 0.00931317976754018,
      "val_sensitivity": 0.6130625365283461,
      "val_sensitivity_std": 0.19724308696091503,
      "train_specificity": 0.979964986838118,
      "train_specificity_std": 0.0015803188804743085,
      "val_specificity": 0.7743766578249337,
      "val_specificity_std": 0.10500533288028771,
      "train_npv": 0.9239595925191285,
      "train_npv_std": 0.0018954244351247253,
      "val_npv": 0.9027902460111967,
      "val_npv_std": 0.0327335414981597,
      "train_auc": 0.9521235219885578,
      "train_auc_std": 0.002612621696060996,
      "val_auc": 0.748790034335138,
      "val_auc_std": 0.05163747612441714,
      "train_aps": 0.8636165338623154,
      "train_aps_std": 0.0049800824218237585,
      "val_aps": 0.41709808720772656,
      "val_aps_std": 0.046572913977465887,
      "train_f1": 0.7433105316898836,
      "train_f1_std": 0.008110258191086373,
      "val_f1": 0.4585560593953007,
      "val_f1_std": 0.07965141152871034
    },
    "LogReg": {
      "train_accuracy": 0.8557297109021247,
      "train_accuracy_std": 0.0016617012109894132,
      "val_accuracy": 0.8213166144200628,
      "val_accuracy_std": 0.005607693987460274,
      "train_precision": 0.7060346097731127,
      "train_precision_std": 0.007893392944474763,
      "val_precision": 0.6654761904761906,
      "val_precision_std": 0.1514377430585775,
      "train_sensitivity": 0.3746441388622393,
      "train_sensitivity_std": 0.009687030619892584,
      "val_sensitivity": 0.07641729982466394,
      "val_sensitivity_std": 0.032422490767588484,
      "train_specificity": 0.9646717744261532,
      "train_specificity_std": 0.0014028494640091903,
      "val_specificity": 0.9900073681108165,
      "val_specificity_std": 0.008626741850666393,
      "train_npv": 0.871996860201546,